Qlib代码,Tushare代码,ETF名称,ETF类型,资产类别,规模分层,规模(亿元),交易所,管理人,上市日期
SH510300,510300.SH,沪深300ETF华泰柏瑞,宽基指数ETF,股票资产,超大规模 (≥1000亿),2050.17320407,SH,华泰柏瑞基金,20120528
SH510310,510310.SH,沪深300ETF易方达,宽基指数ETF,股票资产,超大规模 (≥1000亿),1437.1718487,SH,易方达基金,20130325
SH518880,518880.SH,黄金ETF华安,商品ETF,商品资产,超大规模 (≥1000亿),1190.7232373400002,SH,华安基金,20130729
SZ159919,159919.SZ,沪深300ETF嘉实,宽基指数ETF,股票资产,大规模 (500-1000亿),964.0032805299999,SZ,嘉实基金,20120528
SH510330,510330.SH,沪深300ETF华夏,宽基指数ETF,股票资产,大规模 (500-1000亿),948.4713749299999,SH,华夏基金,20130116
SH511360,511360.SH,短融ETF海富通,其他ETF,其他资产,大规模 (500-1000亿),944.6816167300001,SH,海富通基金,20200925
SH511880,511880.SH,银华日利ETF,其他ETF,其他资产,大规模 (500-1000亿),835.13745887,SH,银华基金,20130418
SH510500,510500.SH,中证500ETF南方,宽基指数ETF,股票资产,大规模 (500-1000亿),809.19388944,SH,南方基金,20130315
SH588000,588000.SH,科创50ETF华夏,宽基指数ETF,股票资产,大规模 (500-1000亿),717.2865370000001,SH,华夏基金,20201116
SH510050,510050.SH,上证50ETF华夏,宽基指数ETF,股票资产,大规模 (500-1000亿),683.01676265,SH,华夏基金,20050223
SZ159792,159792.SZ,港股通互联网ETF富国,国际ETF,海外资产,大规模 (500-1000亿),644.54382251,SZ,富国基金,20210928
SH511380,511380.SH,可转债ETF博时,债券ETF,债券资产,大规模 (500-1000亿),630.89859276,SH,博时基金,20200407
SH513180,513180.SH,恒生科技ETF华夏,行业主题ETF,股票资产,大规模 (500-1000亿),541.39657555,SH,华夏基金,20210525
SH512880,512880.SH,证券ETF国泰,宽基指数ETF,股票资产,大规模 (500-1000亿),529.80876429,SH,国泰基金,20160808
SZ159915,159915.SZ,创业板ETF易方达,宽基指数ETF,股票资产,大规模 (500-1000亿),517.6614879800001,SZ,易方达基金,20111209
SH513130,513130.SH,恒生科技ETF华泰柏瑞,行业主题ETF,股票资产,中等规模 (100-500亿),498.59100202,SH,华泰柏瑞基金,20210601
SZ159937,159937.SZ,黄金ETF博时,商品ETF,商品资产,中等规模 (100-500亿),493.81915614,SZ,博时基金,20140901
SH511220,511220.SH,城投债ETF海富通,债券ETF,债券资产,中等规模 (100-500亿),466.40543144,SH,海富通基金,20141216
SZ159934,159934.SZ,黄金ETF易方达,商品ETF,商品资产,中等规模 (100-500亿),434.78139861000005,SZ,易方达基金,20131216
SH518800,518800.SH,黄金ETF国泰,商品ETF,商品资产,中等规模 (100-500亿),424.61064433,SH,国泰基金,20130729
SH588200,588200.SH,科创芯片ETF嘉实,行业主题ETF,股票资产,中等规模 (100-500亿),403.04603813,SH,嘉实基金,20221026
SH588080,588080.SH,科创50ETF易方达,宽基指数ETF,股票资产,中等规模 (100-500亿),396.55674419999997,SH,易方达基金,20201116
SH511030,511030.SH,公司债ETF平安,债券ETF,债券资产,中等规模 (100-500亿),376.02982436,SH,平安基金,20190322
SH563360,563360.SH,A500ETF华泰柏瑞,其他ETF,其他资产,中等规模 (100-500亿),367.1111815,SH,华泰柏瑞基金,20241015
SH511520,511520.SH,政金债ETF富国,债券ETF,债券资产,中等规模 (100-500亿),355.80340331,SH,富国基金,20221025
SH513330,513330.SH,恒生互联网ETF华夏,行业主题ETF,股票资产,中等规模 (100-500亿),355.37063908,SH,华夏基金,20210208
SH512000,512000.SH,券商ETF华宝,宽基指数ETF,股票资产,中等规模 (100-500亿),354.98464177,SH,华宝基金,20160914
SZ159352,159352.SZ,A500ETF南方,其他ETF,其他资产,中等规模 (100-500亿),341.21438461,SZ,南方基金,20241015
SZ159326,159326.SZ,电网设备ETF华夏,其他ETF,其他资产,中等规模 (100-500亿),321.54298449,SZ,华夏基金,20240909
SH513010,513010.SH,恒生科技ETF易方达,行业主题ETF,股票资产,中等规模 (100-500亿),320.80519183999996,SH,易方达基金,20210525
SZ159636,159636.SZ,港股通科技30ETF工银,行业主题ETF,股票资产,中等规模 (100-500亿),314.30615815,SZ,工银瑞信基金,20220720
SZ159570,159570.SZ,港股通创新药ETF汇添富,国际ETF,海外资产,中等规模 (100-500亿),307.02941937,SZ,汇添富基金,20240122
SH512890,512890.SH,红利低波ETF华泰柏瑞,宽基指数ETF,股票资产,中等规模 (100-500亿),304.50686542,SH,华泰柏瑞基金,20190118
SH512400,512400.SH,有色金属ETF南方,行业主题ETF,股票资产,中等规模 (100-500亿),302.07293644,SH,南方基金,20170901
SZ159338,159338.SZ,中证A500ETF国泰,其他ETF,其他资产,中等规模 (100-500亿),287.80467129,SZ,国泰基金,20241015
SZ159870,159870.SZ,化工ETF鹏华,行业主题ETF,股票资产,中等规模 (100-500亿),281.69476860000003,SZ,鹏华基金,20210303
SH512170,512170.SH,医疗ETF华宝,行业主题ETF,股票资产,中等规模 (100-500亿),275.66226903,SH,华宝基金,20190617
SH513120,513120.SH,港股创新药ETF广发,国际ETF,海外资产,中等规模 (100-500亿),272.15622676,SH,广发基金,20220712
SH513750,513750.SH,港股通非银ETF广发,行业主题ETF,股票资产,中等规模 (100-500亿),265.85155132,SH,广发基金,20231127
SZ159600,159600.SZ,科创债ETF嘉实,行业主题ETF,股票资产,中等规模 (100-500亿),264.01189192,SZ,嘉实基金,20250717
SZ159361,159361.SZ,A500ETF易方达,其他ETF,其他资产,中等规模 (100-500亿),255.62761561,SZ,易方达基金,20241119
SH512050,512050.SH,A500ETF华夏,其他ETF,其他资产,中等规模 (100-500亿),252.32826496,SH,华夏基金,20241115
SZ159995,159995.SZ,芯片ETF华夏,行业主题ETF,股票资产,中等规模 (100-500亿),247.50680380000003,SZ,华夏基金,20200210
SH512100,512100.SH,中证1000ETF南方,宽基指数ETF,股票资产,中等规模 (100-500亿),247.16321825,SH,南方基金,20161104
SZ159819,159819.SZ,人工智能ETF易方达,其他ETF,其他资产,中等规模 (100-500亿),236.84059161,SZ,易方达基金,20200923
SH511090,511090.SH,30年国债ETF鹏扬,债券ETF,债券资产,中等规模 (100-500亿),232.37498681,SH,鹏扬基金,20230613
SH513090,513090.SH,香港证券ETF易方达,行业主题ETF,股票资产,中等规模 (100-500亿),223.06200883,SH,易方达基金,20200326
SH511110,511110.SH,公司债ETF易方达,债券ETF,债券资产,中等规模 (100-500亿),222.56112614000003,SH,易方达基金,20250124
SH510180,510180.SH,上证180ETF华安,其他ETF,其他资产,中等规模 (100-500亿),221.06019977000003,SH,华安基金,20060518
SZ159949,159949.SZ,创业板50ETF华安,宽基指数ETF,股票资产,中等规模 (100-500亿),216.86148434,SZ,华安基金,20160722
SH562500,562500.SH,机器人ETF华夏,其他ETF,其他资产,中等规模 (100-500亿),216.63554054,SH,华夏基金,20211229
SZ159206,159206.SZ,卫星ETF永赢,行业主题ETF,股票资产,中等规模 (100-500亿),215.44915587,SZ,永赢基金,20250314
SZ159516,159516.SZ,半导体设备ETF国泰,行业主题ETF,股票资产,中等规模 (100-500亿),211.86335888999997,SZ,国泰基金,20230727
SZ159112,159112.SZ,科创债ETF银华,行业主题ETF,股票资产,中等规模 (100-500亿),208.72785788,SZ,银华基金,20250924
SZ159201,159201.SZ,自由现金流ETF华夏,货币ETF,现金资产,中等规模 (100-500亿),203.9101218,SZ,华夏基金,20250227
SH512480,512480.SH,半导体ETF国联安,宽基指数ETF,股票资产,中等规模 (100-500亿),203.18522864000002,SH,国联安基金,20190612
SZ159740,159740.SZ,恒生科技ETF大成,行业主题ETF,股票资产,中等规模 (100-500亿),200.69163304,SZ,大成基金,20210527
SH513980,513980.SH,港股科技ETF景顺,行业主题ETF,股票资产,中等规模 (100-500亿),200.47216622,SH,景顺长城基金,20210702
SZ159928,159928.SZ,消费ETF,行业主题ETF,股票资产,中等规模 (100-500亿),189.85426496,SZ,汇添富基金,20130916
SH551030,551030.SH,科创债ETF鹏华,行业主题ETF,股票资产,中等规模 (100-500亿),186.2321984,SH,鹏华基金,20250717
SH511070,511070.SH,公司债ETF南方,债券ETF,债券资产,中等规模 (100-500亿),185.68803444,SH,南方基金,20250122
SH518850,518850.SH,黄金ETF华夏,商品ETF,商品资产,中等规模 (100-500亿),182.37476155000002,SH,华夏基金,20200605
SH515880,515880.SH,通信ETF国泰,宽基指数ETF,股票资产,中等规模 (100-500亿),180.23701562000002,SH,国泰基金,20190906
SH510880,510880.SH,红利ETF华泰柏瑞,宽基指数ETF,股票资产,中等规模 (100-500亿),177.23913166,SH,华泰柏瑞基金,20070118
SH512690,512690.SH,酒ETF鹏华,其他ETF,其他资产,中等规模 (100-500亿),174.01871857,SH,鹏华基金,20190506
SH512010,512010.SH,医药ETF易方达,宽基指数ETF,股票资产,中等规模 (100-500亿),171.36374333,SH,易方达基金,20131028
SH511260,511260.SH,十年国债ETF国泰,债券ETF,债券资产,中等规模 (100-500亿),169.15726328,SH,国泰基金,20170824
SH515450,515450.SH,红利低波50ETF南方,宽基指数ETF,股票资产,中等规模 (100-500亿),168.58426232,SH,南方基金,20200226
SH551560,551560.SH,兴业中证AAA科技创新公司债ETF,行业主题ETF,股票资产,中等规模 (100-500亿),168.05204536,SH,兴业基金,20250924
SH513630,513630.SH,港股低波红利ETF摩根,宽基指数ETF,股票资产,中等规模 (100-500亿),161.88962604,SH,摩根基金,20231208
SH520920,520920.SH,恒生科技ETF天弘,行业主题ETF,股票资产,中等规模 (100-500亿),161.38618911999998,SH,天弘基金,20250930
SH551520,551520.SH,汇添富中证AAA科创债ETF,行业主题ETF,股票资产,中等规模 (100-500亿),160.02776261,SH,汇添富基金,20250924
SZ159992,159992.SZ,创新药ETF银华,其他ETF,其他资产,中等规模 (100-500亿),154.30968891,SZ,银华基金,20200410
SH512500,512500.SH,中证500ETF华夏,宽基指数ETF,股票资产,中等规模 (100-500亿),152.43543814999998,SH,华夏基金,20150529
SH551550,551550.SH,华夏中证AAA科技创新公司债ETF,行业主题ETF,股票资产,中等规模 (100-500亿),152.11036074,SH,华夏基金,20250717
SH511200,511200.SH,信用债ETF华夏,债券ETF,债券资产,中等规模 (100-500亿),148.27534183,SH,华夏基金,20250207
SZ159530,159530.SZ,机器人ETF易方达,其他ETF,其他资产,中等规模 (100-500亿),147.10071662000001,SZ,易方达基金,20240118
SH512070,512070.SH,证券保险ETF易方达,宽基指数ETF,股票资产,中等规模 (100-500亿),147.01387623,SH,易方达基金,20140718
SH551900,551900.SH,招商中证AAA科技创新公司债ETF,行业主题ETF,股票资产,中等规模 (100-500亿),145.68275392,SH,招商基金,20250717
SH511130,511130.SH,30年国债ETF博时,债券ETF,债券资产,中等规模 (100-500亿),142.83075703,SH,博时基金,20240328
SZ159200,159200.SZ,科创债ETF富国,行业主题ETF,股票资产,中等规模 (100-500亿),140.56736028,SZ,富国基金,20250717
SH516650,516650.SH,有色金属ETF华夏,行业主题ETF,股票资产,中等规模 (100-500亿),140.28235325,SH,华夏基金,20210621
SZ159922,159922.SZ,中证500ETF嘉实,宽基指数ETF,股票资产,中等规模 (100-500亿),139.42767690000002,SZ,嘉实基金,20130315
SZ159755,159755.SZ,电池ETF广发,行业主题ETF,股票资产,中等规模 (100-500亿),137.47327282,SZ,广发基金,20210624
SH517520,517520.SH,黄金股ETF永赢,商品ETF,商品资产,中等规模 (100-500亿),135.72094536,SH,永赢基金,20231101
SH515180,515180.SH,红利ETF易方达,宽基指数ETF,股票资产,中等规模 (100-500亿),135.02767450000002,SH,易方达基金,20191220
SH513380,513380.SH,恒生科技ETF广发,行业主题ETF,股票资产,中等规模 (100-500亿),127.35431263,SH,广发基金,20220512
SH511180,511180.SH,可转债ETF海富通,债券ETF,债券资产,中等规模 (100-500亿),125.54878393999999,SH,海富通基金,20200826
SZ159700,159700.SZ,科创债ETF南方,行业主题ETF,股票资产,中等规模 (100-500亿),121.53691188,SZ,南方基金,20250717
SH563800,563800.SH,A500ETF广发,其他ETF,其他资产,中等规模 (100-500亿),118.49322683999999,SH,广发基金,20241118
SH551800,551800.SH,国泰中证AAA科技创新公司债ETF,行业主题ETF,股票资产,中等规模 (100-500亿),118.12395012,SH,国泰基金,20250924
SZ159781,159781.SZ,科创创业ETF易方达,其他ETF,其他资产,中等规模 (100-500亿),117.11380319999999,SZ,易方达基金,20210705
SZ159920,159920.SZ,恒生ETF华夏,国际ETF,海外资产,中等规模 (100-500亿),114.03698036,SZ,华夏基金,20121022
SH511100,511100.SH,国债ETF华夏,债券ETF,债券资产,中等规模 (100-500亿),111.13433613,SH,华夏基金,20231225
SH513770,513770.SH,港股互联网ETF华宝,国际ETF,海外资产,中等规模 (100-500亿),110.35400345000001,SH,华宝基金,20220218
SZ159397,159397.SZ,信用债ETF广发,债券ETF,债券资产,中等规模 (100-500亿),109.33018451000001,SZ,广发基金,20250207
SZ159395,159395.SZ,信用债ETF大成,债券ETF,债券资产,中等规模 (100-500亿),109.0851905,SZ,大成基金,20250127
SH512800,512800.SH,银行ETF华宝,行业主题ETF,股票资产,中等规模 (100-500亿),107.57834831999999,SH,华宝基金,20170803
SH560860,560860.SH,工业有色ETF万家,行业主题ETF,股票资产,中等规模 (100-500亿),106.68794688999999,SH,万家基金,20230313
SZ159952,159952.SZ,创业板ETF广发,宽基指数ETF,股票资产,中等规模 (100-500亿),105.82374214999999,SZ,广发基金,20170519
SZ159841,159841.SZ,证券ETF天弘,宽基指数ETF,股票资产,中等规模 (100-500亿),105.3037735,SZ,天弘基金,20210209
SZ159116,159116.SZ,科创债ETF工银,行业主题ETF,股票资产,中等规模 (100-500亿),104.4550682,SZ,工银瑞信基金,20250924
SH551510,551510.SH,科创债ETF华泰柏瑞,行业主题ETF,股票资产,中等规模 (100-500亿),103.63609429,SH,华泰柏瑞基金,20250924
SH551580,551580.SH,泰康中证AAA科技创新公司债ETF,行业主题ETF,股票资产,中等规模 (100-500亿),102.83984874,SH,泰康基金,20250924
SH515070,515070.SH,人工智能ETF华夏,其他ETF,其他资产,中等规模 (100-500亿),102.62399992,SH,华夏基金,20191224
SZ159262,159262.SZ,港股通科技ETF广发,行业主题ETF,股票资产,中等规模 (100-500亿),102.57865139,SZ,广发基金,20250707
SH512660,512660.SH,军工ETF国泰,行业主题ETF,股票资产,中等规模 (100-500亿),101.7750888,SH,国泰基金,20160808
SZ159842,159842.SZ,券商ETF银华,宽基指数ETF,股票资产,中等规模 (100-500亿),101.20761621,SZ,银华基金,20210319
SZ159111,159111.SZ,科创债ETF天弘,行业主题ETF,股票资产,中等规模 (100-500亿),101.15601616,SZ,天弘基金,20250924
SH551500,551500.SH,易方达中证AAA科技创新公司债ETF,行业主题ETF,股票资产,中等规模 (100-500亿),100.85335773,SH,易方达基金,20250717
SH551060,551060.SH,科创债ETF中银,行业主题ETF,股票资产,中小规模 (50-100亿),99.60841117999999,SH,中银基金,20250924
SH515790,515790.SH,光伏ETF华泰柏瑞,行业主题ETF,股票资产,中小规模 (50-100亿),99.59192272,SH,华泰柏瑞基金,20201218
SZ159398,159398.SZ,信用债ETF天弘,债券ETF,债券资产,中小规模 (50-100亿),98.13593659,SZ,天弘基金,20250206
SH515050,515050.SH,通信ETF华夏,行业主题ETF,股票资产,中小规模 (50-100亿),98.04580655000001,SH,华夏基金,20191016
SH512710,512710.SH,军工龙头ETF富国,行业主题ETF,股票资产,中小规模 (50-100亿),97.84016015,SH,富国基金,20190826
SZ159869,159869.SZ,游戏ETF华夏,其他ETF,其他资产,中小规模 (50-100亿),97.26997820999999,SZ,华夏基金,20210305
SZ159816,159816.SZ,0-4年地方债ETF鹏华,债券ETF,债券资产,中小规模 (50-100亿),96.60518247,SZ,鹏华基金,20200904
SH518660,518660.SH,黄金ETF工银,商品ETF,商品资产,中小规模 (50-100亿),96.48502591,SH,工银瑞信基金,20200529
SH511190,511190.SH,信用债ETF海富通,债券ETF,债券资产,中小规模 (50-100亿),96.25375705,SH,海富通基金,20250205
SH512760,512760.SH,芯片ETF国泰,行业主题ETF,股票资产,中小规模 (50-100亿),95.57209819,SH,国泰基金,20190612
SH516150,516150.SH,稀土ETF嘉实,其他ETF,其他资产,中小规模 (50-100亿),94.15841415,SH,嘉实基金,20210317
SH515080,515080.SH,中证红利ETF招商,宽基指数ETF,股票资产,中小规模 (50-100亿),93.74465781,SH,招商基金,20191227
SH515120,515120.SH,创新药ETF广发,其他ETF,其他资产,中小规模 (50-100亿),92.83945937,SH,广发基金,20210104
SH563220,563220.SH,A500ETF富国,其他ETF,其他资产,中小规模 (50-100亿),91.82511409,SH,富国基金,20241015
SH511120,511120.SH,科创债ETF广发,行业主题ETF,股票资产,中小规模 (50-100亿),91.09021525,SH,广发基金,20250717
SZ159852,159852.SZ,软件ETF嘉实,其他ETF,其他资产,中小规模 (50-100亿),90.92174304,SZ,嘉实基金,20210209
SH588050,588050.SH,科创50ETF工银,宽基指数ETF,股票资产,中小规模 (50-100亿),90.44165291,SH,工银瑞信基金,20201116
SH588220,588220.SH,科创100ETF鹏华,其他ETF,其他资产,中小规模 (50-100亿),88.87885318,SH,鹏华基金,20230915
SH513040,513040.SH,港股通互联网ETF易方达,国际ETF,海外资产,中小规模 (50-100亿),88.73631155,SH,易方达基金,20230612
SZ159351,159351.SZ,A500ETF嘉实,其他ETF,其他资产,中小规模 (50-100亿),88.56291453,SZ,嘉实基金,20241015
SH515330,515330.SH,沪深300ETF天弘,宽基指数ETF,股票资产,中小规模 (50-100亿),88.35289356,SH,天弘基金,20191226
SH515980,515980.SH,人工智能ETF华富,其他ETF,其他资产,中小规模 (50-100亿),87.66214226000001,SH,华富基金,20200210
SZ159113,159113.SZ,科创债ETF大成,行业主题ETF,股票资产,中小规模 (50-100亿),87.57112783999999,SZ,大成基金,20250924
SZ159770,159770.SZ,机器人ETF天弘,其他ETF,其他资产,中小规模 (50-100亿),86.69593946,SZ,天弘基金,20211108
SH515220,515220.SH,煤炭ETF国泰,行业主题ETF,股票资产,中小规模 (50-100亿),86.10109071,SH,国泰基金,20200302
SZ159396,159396.SZ,信用债ETF博时,债券ETF,债券资产,中小规模 (50-100亿),85.76545467,SZ,博时基金,20250206
SH518680,518680.SH,金ETF富国,商品ETF,商品资产,中小规模 (50-100亿),84.64382962,SH,富国基金,20200728
SH588170,588170.SH,科创半导体ETF华夏,行业主题ETF,股票资产,中小规模 (50-100亿),82.96452928000001,SH,华夏基金,20250408
SZ159567,159567.SZ,港股创新药ETF银华,国际ETF,海外资产,中小规模 (50-100亿),82.24458856,SZ,银华基金,20240111
SZ159566,159566.SZ,储能电池ETF易方达,行业主题ETF,股票资产,中小规模 (50-100亿),80.66749772,SZ,易方达基金,20240208
SH563020,563020.SH,红利低波ETF易方达,宽基指数ETF,股票资产,中小规模 (50-100亿),80.64453597,SH,易方达基金,20231214
SH518600,518600.SH,金ETF广发,商品ETF,商品资产,中小规模 (50-100亿),79.27067902,SH,广发基金,20200805
SH516160,516160.SH,新能源ETF南方,行业主题ETF,股票资产,中小规模 (50-100亿),78.60761398999999,SH,南方基金,20210204
SH562800,562800.SH,稀有金属ETF嘉实,其他ETF,其他资产,中小规模 (50-100亿),77.7438573,SH,嘉实基金,20210927
SZ159851,159851.SZ,金融科技ETF华宝,行业主题ETF,股票资产,中小规模 (50-100亿),76.77402878000001,SZ,华宝基金,20210319
SH516120,516120.SH,化工ETF富国,行业主题ETF,股票资产,中小规模 (50-100亿),76.49061166,SH,富国基金,20210309
SH551000,551000.SH,科创债ETF博时,行业主题ETF,股票资产,中小规模 (50-100亿),75.70091307,SH,博时基金,20250717
SH510210,510210.SH,上证指数ETF富国,其他ETF,其他资产,中小规模 (50-100亿),75.34682259,SH,富国基金,20110325
SH513260,513260.SH,恒生科技ETF汇添富,行业主题ETF,股票资产,中小规模 (50-100亿),75.24701021,SH,汇添富基金,20220913
SH511150,511150.SH,科创债ETF永赢,行业主题ETF,股票资产,中小规模 (50-100亿),73.45542585,SH,永赢基金,20250924
