ts_code,extname,detailed_type,size_yi,exchange,qlib_code
510300.SH,沪深300ETF华泰柏瑞,宽基指数ETF,2050.17320407,SH,SH510300
510310.SH,沪深300ETF易方达,宽基指数ETF,1437.1718487,SH,SH510310
518880.SH,黄金ETF华安,黄金ETF,1190.7232373400002,SH,SH518880
159919.SZ,沪深300ETF嘉实,宽基指数ETF,964.0032805299999,SZ,SZ159919
510330.SH,沪深300ETF华夏,宽基指数ETF,948.4713749299999,SH,SH510330
511360.SH,短融ETF海富通,其他ETF,944.6816167300001,SH,SH511360
511880.SH,银华日利ETF,其他ETF,835.13745887,SH,SH511880
510500.SH,中证500ETF南方,宽基指数ETF,809.19388944,SH,SH510500
588000.SH,科创50ETF华夏,宽基指数ETF,717.2865370000001,SH,SH588000
510050.SH,上证50ETF华夏,宽基指数ETF,683.01676265,SH,SH510050
159792.SZ,港股通互联网ETF富国,港股ETF,644.54382251,SZ,SZ159792
511380.SH,可转债ETF博时,可转债ETF,630.89859276,SH,SH511380
513180.SH,恒生科技ETF华夏,科技电子ETF,541.39657555,SH,SH513180
512880.SH,证券ETF国泰,宽基指数ETF,529.80876429,SH,SH512880
159915.SZ,创业板ETF易方达,宽基指数ETF,517.6614879800001,SZ,SZ159915
513130.SH,恒生科技ETF华泰柏瑞,科技电子ETF,498.59100202,SH,SH513130
159937.SZ,黄金ETF博时,黄金ETF,493.81915614,SZ,SZ159937
511220.SH,城投债ETF海富通,城投债ETF,466.40543144,SH,SH511220
159934.SZ,黄金ETF易方达,黄金ETF,434.78139861000005,SZ,SZ159934
518800.SH,黄金ETF国泰,黄金ETF,424.61064433,SH,SH518800
588200.SH,科创芯片ETF嘉实,科技电子ETF,403.04603813,SH,SH588200
588080.SH,科创50ETF易方达,宽基指数ETF,396.55674419999997,SH,SH588080
511030.SH,公司债ETF平安,信用债ETF,376.02982436,SH,SH511030
563360.SH,A500ETF华泰柏瑞,其他ETF,367.1111815,SH,SH563360
511520.SH,政金债ETF富国,金融ETF,355.80340331,SH,SH511520
513330.SH,恒生互联网ETF华夏,科技电子ETF,355.37063908,SH,SH513330
512000.SH,券商ETF华宝,宽基指数ETF,354.98464177,SH,SH512000
159352.SZ,A500ETF南方,其他ETF,341.21438461,SZ,SZ159352
159326.SZ,电网设备ETF华夏,其他ETF,321.54298449,SZ,SZ159326
513010.SH,恒生科技ETF易方达,科技电子ETF,320.80519183999996,SH,SH513010
159636.SZ,港股通科技30ETF工银,科技电子ETF,314.30615815,SZ,SZ159636
159570.SZ,港股通创新药ETF汇添富,港股ETF,307.02941937,SZ,SZ159570
512890.SH,红利低波ETF华泰柏瑞,红利价值ETF,304.50686542,SH,SH512890
512400.SH,有色金属ETF南方,其他行业ETF,302.07293644,SH,SH512400
159338.SZ,中证A500ETF国泰,其他ETF,287.80467129,SZ,SZ159338
159870.SZ,化工ETF鹏华,其他行业ETF,281.69476860000003,SZ,SZ159870
512170.SH,医疗ETF华宝,医药医疗ETF,275.66226903,SH,SH512170
513120.SH,港股创新药ETF广发,港股ETF,272.15622676,SH,SH513120
513750.SH,港股通非银ETF广发,金融ETF,265.85155132,SH,SH513750
159600.SZ,科创债ETF嘉实,科技电子ETF,264.01189192,SZ,SZ159600
159361.SZ,A500ETF易方达,其他ETF,255.62761561,SZ,SZ159361
512050.SH,A500ETF华夏,其他ETF,252.32826496,SH,SH512050
159995.SZ,芯片ETF华夏,科技电子ETF,247.50680380000003,SZ,SZ159995
512100.SH,中证1000ETF南方,宽基指数ETF,247.16321825,SH,SH512100
511090.SH,30年国债ETF鹏扬,国债ETF,232.37498681,SH,SH511090
513090.SH,香港证券ETF易方达,金融ETF,223.06200883,SH,SH513090
511110.SH,公司债ETF易方达,信用债ETF,222.56112614000003,SH,SH511110
159949.SZ,创业板50ETF华安,宽基指数ETF,216.86148434,SZ,SZ159949
159206.SZ,卫星ETF永赢,其他行业ETF,215.44915587,SZ,SZ159206
159516.SZ,半导体设备ETF国泰,科技电子ETF,211.86335888999997,SZ,SZ159516
159112.SZ,科创债ETF银华,科技电子ETF,208.72785788,SZ,SZ159112
159201.SZ,自由现金流ETF华夏,货币基金ETF,203.9101218,SZ,SZ159201
512480.SH,半导体ETF国联安,宽基指数ETF,203.18522864000002,SH,SH512480
159740.SZ,恒生科技ETF大成,科技电子ETF,200.69163304,SZ,SZ159740
513980.SH,港股科技ETF景顺,科技电子ETF,200.47216622,SH,SH513980
159928.SZ,消费ETF,消费ETF,189.85426496,SZ,SZ159928
551030.SH,科创债ETF鹏华,科技电子ETF,186.2321984,SH,SH551030
511070.SH,公司债ETF南方,信用债ETF,185.68803444,SH,SH511070
515880.SH,通信ETF国泰,宽基指数ETF,180.23701562000002,SH,SH515880
510880.SH,红利ETF华泰柏瑞,红利价值ETF,177.23913166,SH,SH510880
512010.SH,医药ETF易方达,宽基指数ETF,171.36374333,SH,SH512010
511260.SH,十年国债ETF国泰,国债ETF,169.15726328,SH,SH511260
515450.SH,红利低波50ETF南方,宽基指数ETF,168.58426232,SH,SH515450
551560.SH,兴业中证AAA科技创新公司债ETF,科技电子ETF,168.05204536,SH,SH551560
513630.SH,港股低波红利ETF摩根,红利价值ETF,161.88962604,SH,SH513630
520920.SH,恒生科技ETF天弘,科技电子ETF,161.38618911999998,SH,SH520920
512500.SH,中证500ETF华夏,宽基指数ETF,152.43543814999998,SH,SH512500
511200.SH,信用债ETF华夏,信用债ETF,148.27534183,SH,SH511200
512070.SH,证券保险ETF易方达,宽基指数ETF,147.01387623,SH,SH512070
511130.SH,30年国债ETF博时,国债ETF,142.83075703,SH,SH511130
516650.SH,有色金属ETF华夏,其他行业ETF,140.28235325,SH,SH516650
159922.SZ,中证500ETF嘉实,宽基指数ETF,139.42767690000002,SZ,SZ159922
159755.SZ,电池ETF广发,新能源ETF,137.47327282,SZ,SZ159755
515180.SH,红利ETF易方达,红利价值ETF,135.02767450000002,SH,SH515180
511180.SH,可转债ETF海富通,可转债ETF,125.54878393999999,SH,SH511180
159920.SZ,恒生ETF华夏,港股ETF,114.03698036,SZ,SZ159920
513770.SH,港股互联网ETF华宝,港股ETF,110.35400345000001,SH,SH513770
512800.SH,银行ETF华宝,金融ETF,107.57834831999999,SH,SH512800
560860.SH,工业有色ETF万家,其他行业ETF,106.68794688999999,SH,SH560860
159952.SZ,创业板ETF广发,宽基指数ETF,105.82374214999999,SZ,SZ159952
159841.SZ,证券ETF天弘,宽基指数ETF,105.3037735,SZ,SZ159841
512660.SH,军工ETF国泰,其他行业ETF,101.7750888,SH,SH512660
159842.SZ,券商ETF银华,宽基指数ETF,101.20761621,SZ,SZ159842
515790.SH,光伏ETF华泰柏瑞,新能源ETF,99.59192272,SH,SH515790
515050.SH,通信ETF华夏,其他行业ETF,98.04580655000001,SH,SH515050
512710.SH,军工龙头ETF富国,其他行业ETF,97.84016015,SH,SH512710
159816.SZ,0-4年地方债ETF鹏华,其他债券ETF,96.60518247,SZ,SZ159816
515080.SH,中证红利ETF招商,红利价值ETF,93.74465781,SH,SH515080
588050.SH,科创50ETF工银,宽基指数ETF,90.44165291,SH,SH588050
513040.SH,港股通互联网ETF易方达,港股ETF,88.73631155,SH,SH513040
515330.SH,沪深300ETF天弘,宽基指数ETF,88.35289356,SH,SH515330
159567.SZ,港股创新药ETF银华,港股ETF,82.24458856,SZ,SZ159567
159566.SZ,储能电池ETF易方达,新能源ETF,80.66749772,SZ,SZ159566
563020.SH,红利低波ETF易方达,红利价值ETF,80.64453597,SH,SH563020
516160.SH,新能源ETF南方,新能源ETF,78.60761398999999,SH,SH516160
159545.SZ,恒生红利低波ETF易方达,红利价值ETF,73.42495668000001,SZ,SZ159545
159796.SZ,电池ETF汇添富,新能源ETF,72.91000824,SZ,SZ159796
588060.SH,科创50ETF广发,宽基指数ETF,72.05845386,SH,SH588060
159845.SZ,中证1000ETF华夏,宽基指数ETF,70.24963169,SZ,SZ159845
512900.SH,证券ETF南方,宽基指数ETF,68.37806574999999,SH,SH512900
159901.SZ,深证100ETF易方达,宽基指数ETF,67.80435118,SZ,SZ159901
159977.SZ,创业板ETF天弘,宽基指数ETF,67.76517546,SZ,SZ159977
159691.SZ,港股红利ETF工银,红利价值ETF,66.42882761,SZ,SZ159691
513060.SH,恒生医疗ETF博时,医药医疗ETF,64.93320981,SH,SH513060
159217.SZ,港股通创新药ETF工银,港股ETF,62.92749058,SZ,SZ159217
159892.SZ,恒生医药ETF华夏,医药医疗ETF,62.799110129999995,SZ,SZ159892
515100.SH,红利低波100ETF景顺,红利价值ETF,60.93657324,SH,SH515100
511580.SH,国债政金债ETF招商,金融ETF,58.49323648,SH,SH511580
513920.SH,港股通央企红利ETF华安,红利价值ETF,58.315548490000005,SH,SH513920
511270.SH,10年地方债ETF海富通,其他债券ETF,54.27018643,SH,SH511270
515030.SH,新能源车ETF华夏,新能源ETF,53.96311986999999,SH,SH515030
159650.SZ,国开债ETF博时,其他债券ETF,51.97346235,SZ,SZ159650
159736.SZ,食品饮料ETF天弘,消费ETF,50.606934100000004,SZ,SZ159736
515290.SH,银行ETF天弘,金融ETF,47.78819912,SH,SH515290
515170.SH,食品饮料ETF华夏,消费ETF,46.9915362,SH,SH515170
159972.SZ,5年地方债ETF鹏华,其他债券ETF,43.89324398,SZ,SZ159972
561910.SH,电池ETF招商,新能源ETF,43.74900938,SH,SH561910
510230.SH,金融ETF国泰,金融ETF,42.390504,SH,SH510230
159993.SZ,证券ETF鹏华,金融ETF,39.46549659,SZ,SZ159993
159859.SZ,生物医药ETF天弘,医药医疗ETF,38.543044050000006,SZ,SZ159859
512290.SH,生物医药ETF国泰,医药医疗ETF,36.80386593,SH,SH512290
515650.SH,消费50ETF富国,消费ETF,35.641508380000005,SH,SH515650
561360.SH,石油ETF国泰,原油ETF,34.79908289,SH,SH561360
560050.SH,中国A50ETF汇添富,全球ETF,33.35940483,SH,SH560050
159506.SZ,港股通医疗ETF富国,医药医疗ETF,31.1452398,SZ,SZ159506
159649.SZ,国开债ETF华安,其他债券ETF,28.16895539,SZ,SZ159649
159857.SZ,光伏ETF天弘,新能源ETF,24.724770680000002,SZ,SZ159857
159697.SZ,石油ETF鹏华,原油ETF,23.72769936,SZ,SZ159697
159929.SZ,医药ETF,医药医疗ETF,23.69954956,SZ,SZ159929
513970.SH,恒生消费ETF景顺,消费ETF,23.24771449,SH,SH513970
513190.SH,港股通金融ETF华夏,金融ETF,23.02300325,SH,SH513190
159828.SZ,医疗ETF国泰,医药医疗ETF,22.917031270000003,SZ,SZ159828
563000.SH,中国A50ETF易方达,全球ETF,21.80412447,SH,SH563000
516310.SH,银行ETF易方达,金融ETF,20.86777168,SH,SH516310
159222.SZ,自由现金流ETF易方达,货币基金ETF,20.29160959,SZ,SZ159222
561160.SH,电池ETF富国,新能源ETF,20.2129813,SH,SH561160
513070.SH,港股通消费ETF易方达,消费ETF,20.11244589,SH,SH513070
513800.SH,日本东证指数ETF南方,其他海外ETF,18.8133634,SH,SH513800
515700.SH,新能源车ETF平安,新能源ETF,18.56804138,SH,SH515700
159875.SZ,新能源ETF嘉实,新能源ETF,18.39283561,SZ,SZ159875
516820.SH,医疗创新ETF平安,医药医疗ETF,17.68231541,SH,SH516820
159259.SZ,成长ETF易方达,策略ETF,17.17976105,SZ,SZ159259
159601.SZ,A50ETF华夏,全球ETF,17.15878014,SZ,SZ159601
159840.SZ,锂电池ETF工银,新能源ETF,16.75010913,SZ,SZ159840
159147.SZ,电池ETF南方,新能源ETF,16.38551975,SZ,SZ159147
510150.SH,消费ETF招商,消费ETF,16.20980183,SH,SH510150
560260.SH,医疗ETF广发,医药医疗ETF,15.314386319999999,SH,SH560260
513200.SH,港股通医药ETF易方达,医药医疗ETF,15.243609390000001,SH,SH513200
588830.SH,科创新能源ETF鹏华,新能源ETF,14.88547107,SH,SH588830
159847.SZ,医疗ETF易方达,医药医疗ETF,14.62305348,SZ,SZ159847
511060.SH,5年地方债ETF海富通,其他债券ETF,14.438823300000001,SH,SH511060
159837.SZ,生物科技ETF易方达,医药医疗ETF,14.117048259999999,SZ,SZ159837
159221.SZ,现金流ETF嘉实,货币基金ETF,14.01817256,SZ,SZ159221
515370.SH,光伏ETF华夏,新能源ETF,13.66400519,SH,SH515370
515710.SH,食品饮料ETF华宝,消费ETF,13.50789381,SH,SH515710
516130.SH,消费龙头ETF华宝,消费ETF,10.437839010000001,SH,SH516130
588020.SH,科创成长ETF易方达,策略ETF,10.3399262,SH,SH588020
512600.SH,消费ETF嘉实,消费ETF,9.521857240000001,SH,SH512600
159839.SZ,生物医药ETF汇添富,医药医疗ETF,8.485591229999999,SZ,SZ159839
159651.SZ,国开债ETF平安,其他债券ETF,8.4461137,SZ,SZ159651
513700.SH,港股通医药ETF鹏华,医药医疗ETF,7.26545898,SH,SH513700
510170.SH,大宗商品ETF国联安,其他商品ETF,6.2568829,SH,SH510170
159707.SZ,地产ETF华宝,REIT地产ETF,5.73784741,SZ,SZ159707
588110.SH,科创成长ETF广发,策略ETF,3.7541521500000004,SH,SH588110
159768.SZ,房地产ETF银华,REIT地产ETF,3.6465666700000003,SZ,SZ159768
159916.SZ,基本面ETF建信,策略ETF,2.51737207,SZ,SZ159916
159910.SZ,基本面120ETF嘉实,策略ETF,2.4250797200000003,SZ,SZ159910
159906.SZ,深成长ETF大成,策略ETF,2.10546368,SZ,SZ159906
512750.SH,基本面50ETF嘉实,策略ETF,0.73182094,SH,SH512750
588070.SH,科创成长ETF万家,策略ETF,0.61449259,SH,SH588070
159612.SZ,标普500ETF国泰,美股ETF,,SZ,SZ159612
159655.SZ,标普500ETF华夏,美股ETF,,SZ,SZ159655
513500.SH,标普500ETF博时,美股ETF,,SH,SH513500
513650.SH,标普500ETF南方,美股ETF,,SH,SH513650
159561.SZ,德国ETF嘉实,其他海外ETF,,SZ,SZ159561
513030.SH,德国ETF华安,其他海外ETF,,SH,SH513030
