ts_code,extname,index_code,index_name,exchange,mgr_name,list_date,etf_name,total_share,total_size,size_yi,etf_type
510300.SH,沪深300ETF华泰柏瑞,000300.SH,沪深300指数,SH,华泰柏瑞基金,20120528,沪深300ETF华泰柏瑞,4325898.77,20501732.0407,2050.17320407,宽基指数ETF
510310.SH,沪深300ETF易方达,000300.SH,沪深300指数,SH,易方达基金,20130325,沪深300ETF易方达,3133414.4,14371718.487,1437.1718487,宽基指数ETF
518880.SH,黄金ETF华安,Au99.99.SGE,黄金9999,SH,华安基金,20130729,黄金ETF华安,1185684.08,11907232.3734,1190.7232373400002,黄金ETF
159919.SZ,沪深300ETF嘉实,000300.SH,沪深300指数,SZ,嘉实基金,20120528,沪深300ETF嘉实,1951581.6676,9640032.8053,964.0032805299999,宽基指数ETF
510330.SH,沪深300ETF华夏,000300.SH,沪深300指数,SH,华夏基金,20130116,沪深300ETF华夏,1922784.98,9484713.7493,948.4713749299999,宽基指数ETF
511360.SH,短融ETF海富通,H11014.CSI,中证短融指数,SH,海富通基金,20200925,短融ETF海富通,83345.46,9446816.1673,944.6816167300001,货币ETF
511880.SH,银华日利ETF,,,SH,银华基金,20130418,银华日利ETF,83211.19,8351374.5887,835.13745887,货币ETF
510500.SH,中证500ETF南方,000905.SH,中证小盘500指数,SH,南方基金,20130315,中证500ETF南方,976296.86,8091938.8944,809.19388944,宽基指数ETF
588000.SH,科创50ETF华夏,000688.SH,上证科创板50成份指数,SH,华夏基金,20201116,科创50ETF华夏,4782866.82,7172865.37,717.2865370000001,宽基指数ETF
510050.SH,上证50ETF华夏,000016.SH,上证50指数,SH,华夏基金,20050223,上证50ETF华夏,2288316.68,6830167.6265,683.01676265,宽基指数ETF
159792.SZ,港股通互联网ETF富国,931637.CSI,中证港股通互联网指数,SZ,富国基金,20210928,港股通互联网ETF富国,8916085.5237,6445438.2251,644.54382251,港股ETF
511380.SH,可转债ETF博时,931078.CSI,中证可转债及可交换债券指数,SH,博时基金,20200407,可转债ETF博时,440808.67,6308985.9276,630.89859276,可转债ETF
513180.SH,恒生科技ETF华夏,HSTECH.HI,恒生科技指数,SH,华夏基金,20210525,恒生科技ETF华夏,8322775.95,5413965.7555,541.39657555,科技电子ETF
512880.SH,证券ETF国泰,399975.SZ,中证全指证券公司指数,SH,国泰基金,20160808,证券ETF国泰,4921129.15,5298087.6429,529.80876429,宽基指数ETF
159915.SZ,创业板ETF易方达,399006.SZ,创业板指数,SZ,易方达基金,20111209,创业板ETF易方达,1409945.4936,5176614.8798,517.6614879800001,宽基指数ETF
513130.SH,恒生科技ETF华泰柏瑞,HSTECH.HI,恒生科技指数,SH,华泰柏瑞基金,20210601,恒生科技ETF华泰柏瑞,7800234.7,4985910.0202,498.59100202,科技电子ETF
159937.SZ,黄金ETF博时,Au99.99.SGE,黄金9999,SZ,博时基金,20140901,黄金ETF博时,492912.1977,4938191.5614,493.81915614,黄金ETF
511220.SH,城投债ETF海富通,H11098.CSI,上证城投债指数,SH,海富通基金,20141216,城投债ETF海富通,451698.14,4664054.3144,466.40543144,城投债ETF
159934.SZ,黄金ETF易方达,Au99.99.SGE,黄金9999,SZ,易方达基金,20131216,黄金ETF易方达,414420.8998,4347813.9861,434.78139861000005,黄金ETF
518800.SH,黄金ETF国泰,Au99.99.SGE,黄金9999,SH,国泰基金,20130729,黄金ETF国泰,403307.92,4246106.4433,424.61064433,黄金ETF
588200.SH,科创芯片ETF嘉实,000685.SH,上证科创板芯片指数,SH,嘉实基金,20221026,科创芯片ETF嘉实,1491989.48,4030460.3813,403.04603813,科技电子ETF
588080.SH,科创50ETF易方达,000688.SH,上证科创板50成份指数,SH,易方达基金,20201116,科创50ETF易方达,2727162.81,3965567.442,396.55674419999997,宽基指数ETF
511030.SH,公司债ETF平安,CBC00703.OTH,中债-中高等级公司债利差因子指数(全价),SH,平安基金,20190322,公司债ETF平安,34951.07,3760298.2436,376.02982436,信用债ETF
563360.SH,A500ETF华泰柏瑞,000510.SH,中证A500指数,SH,华泰柏瑞基金,20241015,A500ETF华泰柏瑞,2778198.74,3671111.815,367.1111815,其他ETF
511520.SH,政金债ETF富国,CBA08203.OTH,中债-7-10年政策性金融债指数(全价),SH,富国基金,20221025,政金债ETF富国,30408.65,3558034.0331,355.80340331,金融ETF
513330.SH,恒生互联网ETF华夏,HSIII.HI,恒生互联网科技业指数,SH,华夏基金,20210208,恒生互联网ETF华夏,7948348.0,3553706.3908,355.37063908,科技电子ETF
512000.SH,券商ETF华宝,399975.SZ,中证全指证券公司指数,SH,华宝基金,20160914,券商ETF华宝,6898263.54,3549846.4177,354.98464177,宽基指数ETF
159352.SZ,A500ETF南方,000510.SH,中证A500指数,SZ,南方基金,20241015,A500ETF南方,2622910.1746,3412143.8461,341.21438461,其他ETF
513010.SH,恒生科技ETF易方达,HSTECH.HI,恒生科技指数,SH,易方达基金,20210525,恒生科技ETF易方达,4804630.7,3208051.9184,320.80519183999996,科技电子ETF
159636.SZ,港股通科技30ETF工银,987008.SZ,国证港股通科技指数,SZ,工银瑞信基金,20220720,港股通科技30ETF工银,5303850.1206,3143061.5815,314.30615815,科技电子ETF
159570.SZ,港股通创新药ETF汇添富,987018.SZ,国证港股通创新药指数,SZ,汇添富基金,20240122,港股通创新药ETF,1796859.7142,3070294.1937,307.02941937,港股ETF
512890.SH,红利低波ETF华泰柏瑞,H30269.CSI,中证红利低波动指数,SH,华泰柏瑞基金,20190118,红利低波ETF华泰柏瑞,2568811.08,3045068.6542,304.50686542,红利价值ETF
512400.SH,有色金属ETF南方,000819.SH,中证申万有色金属指数,SH,南方基金,20170901,有色金属ETF南方,1393453.9,3020729.3644,302.07293644,其他行业ETF
159870.SZ,化工ETF鹏华,000813.CSI,中证细分化工产业主题指数,SZ,鹏华基金,20210303,化工ETF,3138310.7019,2816947.686,281.69476860000003,其他行业ETF
512170.SH,医疗ETF华宝,399989.SZ,中证医疗指数,SH,华宝基金,20190617,医疗ETF华宝,8330682.05,2756622.6903,275.66226903,医药医疗ETF
513120.SH,港股创新药ETF广发,931787.CSI,中证香港创新药指数,SH,广发基金,20220712,港股创新药ETF广发,2050913.54,2721562.2676,272.15622676,港股ETF
513750.SH,港股通非银ETF广发,931024.CSI,中证港股通非银行金融主题指数,SH,广发基金,20231127,港股通非银ETF广发,1680583.8,2658515.5132,265.85155132,金融ETF
159600.SZ,科创债ETF嘉实,932160.CSI,中证AAA科技创新公司债指数,SZ,嘉实基金,20250717,科创债ETF嘉实,26206.8913,2640118.9192,264.01189192,科技电子ETF
159995.SZ,芯片ETF华夏,980017.SZ,国证半导体芯片指数,SZ,华夏基金,20200210,芯片ETF华夏,1338236.3006,2475068.038,247.50680380000003,科技电子ETF
512100.SH,中证1000ETF南方,000852.SH,中证1000指数,SH,南方基金,20161104,中证1000ETF南方,742521.76,2471632.1825,247.16321825,宽基指数ETF
511090.SH,30年国债ETF鹏扬,CBA21801.OTH,中债-30年期国债指数,SH,鹏扬基金,20230613,30年国债ETF鹏扬,20032.81,2323749.8681,232.37498681,国债ETF
513090.SH,香港证券ETF易方达,930709.CSI,中证香港证券投资主题指数,SH,易方达基金,20200326,香港证券ETF易方达,1196748.8,2230620.0883,223.06200883,金融ETF
511110.SH,公司债ETF易方达,950245.CSI,上证基准做市公司债指数,SH,易方达基金,20250124,公司债ETF易方达,21789.96,2225611.2614,222.56112614000003,信用债ETF
159949.SZ,创业板50ETF华安,399673.SZ,创业板50指数,SZ,华安基金,20160722,创业板50ETF华安,1230978.5113,2168614.8434,216.86148434,宽基指数ETF
159206.SZ,卫星ETF永赢,980018.SZ,国证商用卫星通信产业指数,SZ,永赢基金,20250314,卫星ETF永赢,1193095.3365,2154491.5587,215.44915587,其他行业ETF
159516.SZ,半导体设备ETF国泰,931743.CSI,中证半导体材料设备主题指数,SZ,国泰基金,20230727,半导体设备ETF国泰,2356917.9986,2118633.5889,211.86335888999997,科技电子ETF
159112.SZ,科创债ETF银华,932160.CSI,中证AAA科技创新公司债指数,SZ,银华基金,20250924,科创债ETF银华,20618.783,2087278.5788,208.72785788,科技电子ETF
159201.SZ,自由现金流ETF华夏,980092.SZ,国证自由现金流指数,SZ,华夏基金,20250227,自由现金流ETF华夏,1553127.5939,2039101.218,203.9101218,货币ETF
512480.SH,半导体ETF国联安,H30184.CSI,中证全指半导体产品与设备指数,SH,国联安基金,20190612,半导体ETF国联安,1247300.36,2031852.2864,203.18522864000002,宽基指数ETF
159740.SZ,恒生科技ETF大成,HSTECH.HI,恒生科技指数,SZ,大成基金,20210527,恒生科技ETF大成,3127012.0448,2006916.3304,200.69163304,科技电子ETF
513980.SH,港股科技ETF景顺,931573.CSI,中证港股通科技指数,SH,景顺长城基金,20210702,港股科技ETF景顺,2967320.4,2004721.6622,200.47216622,科技电子ETF
159928.SZ,消费ETF,000932.SH,中证主要消费指数,SZ,汇添富基金,20130916,消费ETF,2560062.904,1898542.6496,189.85426496,消费ETF
511070.SH,公司债ETF南方,950245.CSI,上证基准做市公司债指数,SH,南方基金,20250122,公司债ETF南方,18227.1,1856880.3444,185.68803444,信用债ETF
518850.SH,黄金ETF华夏,Au99.99.SGE,黄金9999,SH,华夏基金,20200605,黄金ETF华夏,180037.87,1823747.6155,182.37476155000002,黄金ETF
515880.SH,通信ETF国泰,931160.CSI,中证全指通信设备指数,SH,国泰基金,20190906,通信ETF国泰,1362438.7,1802370.1562,180.23701562000002,宽基指数ETF
510880.SH,红利ETF华泰柏瑞,000015.SH,上证红利指数,SH,华泰柏瑞基金,20070118,红利ETF华泰柏瑞,550517.57,1772391.3166,177.23913166,红利价值ETF
512010.SH,医药ETF易方达,000913.SH,沪深300医药卫生指数,SH,易方达基金,20131028,医药ETF易方达,4682069.49,1713637.4333,171.36374333,宽基指数ETF
511260.SH,十年国债ETF国泰,H01077.CSI,上证10年期国债指数(净价),SH,国泰基金,20170824,十年国债ETF国泰,12517.65,1691572.6328,169.15726328,国债ETF
515450.SH,红利低波50ETF南方,SPCLLHCP.OTH,标普中国A股大盘红利低波50指数,SH,南方基金,20200226,红利低波50ETF南方,1188133.5,1685842.6232,168.58426232,宽基指数ETF
513630.SH,港股低波红利ETF摩根,SPAHLVCP.OTH,标普港股通低波红利指数,SH,摩根基金,20231208,港股低波红利ETF摩根,970735.9,1618896.2604,161.88962604,红利价值ETF
512500.SH,中证500ETF华夏,000905.SH,中证小盘500指数,SH,华夏基金,20150529,中证500ETF华夏,332240.88,1524354.3815,152.43543814999998,宽基指数ETF
511200.SH,信用债ETF华夏,950245.CSI,上证基准做市公司债指数,SH,华夏基金,20250207,信用债ETF华夏,14510.75,1482753.4183,148.27534183,信用债ETF
512070.SH,证券保险ETF易方达,H30035.CSI,沪深300非银行金融指数,SH,易方达基金,20140718,证券保险ETF易方达,1833547.97,1470138.7623,147.01387623,宽基指数ETF
511130.SH,30年国债ETF博时,950175.CSI,上证30年期国债指数,SH,博时基金,20240328,30年国债ETF博时,13518.97,1428307.5703,142.83075703,国债ETF
516650.SH,有色金属ETF华夏,000811.CSI,中证细分有色金属产业主题指数,SH,华夏基金,20210621,有色金属ETF华夏,662146.48,1402823.5325,140.28235325,其他行业ETF
159922.SZ,中证500ETF嘉实,000905.SH,中证小盘500指数,SZ,嘉实基金,20130315,中证500ETF嘉实,423367.6765,1394276.769,139.42767690000002,宽基指数ETF
159755.SZ,电池ETF广发,980032.SZ,国证新能源车电池指数,SZ,广发基金,20210624,电池ETF广发,1157864.6746,1374732.7282,137.47327282,新能源ETF
517520.SH,黄金股ETF永赢,931238.CSI,中证沪深港黄金产业股票指数,SH,永赢基金,20231101,黄金股ETF永赢,590990.4,1357209.4536,135.72094536,黄金ETF
515180.SH,红利ETF易方达,000922.CSI,中证红利指数,SH,易方达基金,20191220,红利ETF易方达,950363.7,1350276.745,135.02767450000002,红利价值ETF
511180.SH,可转债ETF海富通,950041.CSI,上证投资级可转债及可交换债券指数,SH,海富通基金,20200826,可转债ETF海富通,96035.97,1255487.8394,125.54878393999999,可转债ETF
159920.SZ,恒生ETF华夏,HSI.HI,恒生指数,SZ,华夏基金,20121022,恒生ETF华夏,732555.9219,1140369.8036,114.03698036,港股ETF
511100.SH,国债ETF华夏,950243.CSI,上证基准做市国债指数,SH,华夏基金,20231225,国债ETF华夏,10237.05,1111343.3613,111.13433613,国债ETF
513770.SH,港股互联网ETF华宝,931637.CSI,中证港股通互联网指数,SH,华宝基金,20220218,港股互联网ETF华宝,2488813.79,1103540.0345,110.35400345000001,港股ETF
159397.SZ,信用债ETF广发,921128.SZ,深证基准做市信用债指数,SZ,广发基金,20250207,信用债ETF广发,10690.7657,1093301.8451,109.33018451000001,信用债ETF
159395.SZ,信用债ETF大成,921128.SZ,深证基准做市信用债指数,SZ,大成基金,20250127,信用债ETF大成,10638.4202,1090851.905,109.0851905,信用债ETF
512800.SH,银行ETF华宝,399986.SZ,中证银行指数,SH,华宝基金,20170803,银行ETF华宝,1350807.99,1075783.4832,107.57834831999999,金融ETF
560860.SH,工业有色ETF万家,H11059.CSI,中证工业有色金属主题指数,SH,万家基金,20230313,工业有色ETF万家,595423.3,1066879.4689,106.68794688999999,其他行业ETF
159952.SZ,创业板ETF广发,399006.SZ,创业板指数,SZ,广发基金,20170519,创业板ETF广发,474588.4929,1058237.4215,105.82374214999999,宽基指数ETF
159841.SZ,证券ETF天弘,399975.SZ,中证全指证券公司指数,SZ,天弘基金,20210209,证券ETF,1079263.8465,1053037.735,105.3037735,宽基指数ETF
512660.SH,军工ETF国泰,399967.SZ,中证军工指数,SH,国泰基金,20160808,军工ETF国泰,734308.0,1017750.888,101.7750888,其他行业ETF
159842.SZ,券商ETF银华,399975.SZ,中证全指证券公司指数,SZ,银华基金,20210319,券商ETF,989225.0631,1012076.1621,101.20761621,宽基指数ETF
515790.SH,光伏ETF华泰柏瑞,931151.CSI,中证光伏产业指数,SH,华泰柏瑞基金,20201218,光伏ETF华泰柏瑞,929549.4,995919.2272,99.59192272,新能源ETF
515050.SH,通信ETF华夏,931079.CSI,中证5G通信主题指数,SH,华夏基金,20191016,通信ETF华夏,340306.85,980458.0655,98.04580655000001,其他行业ETF
512710.SH,军工龙头ETF富国,931066.CSI,中证军工龙头指数,SH,富国基金,20190826,军工龙头ETF富国,1247165.84,978401.6015,97.84016015,其他行业ETF
159816.SZ,0-4年地方债ETF鹏华,931161.CSI,中证0-4年期地方政府债指数,SZ,鹏华基金,20200904,0-4地债ETF,8474.7484,966051.8247,96.60518247,其他债券ETF
515080.SH,中证红利ETF招商,000922.CSI,中证红利指数,SH,招商基金,20191227,中证红利ETF招商,589514.89,937446.5781,93.74465781,红利价值ETF
588050.SH,科创50ETF工银,000688.SH,上证科创板50成份指数,SH,工银瑞信基金,20201116,科创50ETF工银,619124.13,904416.5291,90.44165291,宽基指数ETF
513040.SH,港股通互联网ETF易方达,931637.CSI,中证港股通互联网指数,SH,易方达基金,20230612,港股通互联网ETF易方达,751684.13,887363.1155,88.73631155,港股ETF
515330.SH,沪深300ETF天弘,000300.SH,沪深300指数,SH,天弘基金,20191226,沪深300ETF天弘,650370.95,883528.9356,88.35289356,宽基指数ETF
515220.SH,煤炭ETF国泰,399998.SZ,中证煤炭指数,SH,国泰基金,20200302,煤炭ETF国泰,729917.69,861010.9071,86.10109071,其他行业ETF
159567.SZ,港股创新药ETF银华,987018.SZ,国证港股通创新药指数,SZ,银华基金,20240111,港股创新药ETF,994372.9726,822445.8856,82.24458856,港股ETF
159566.SZ,储能电池ETF易方达,980027.SZ,国证新能源电池指数,SZ,易方达基金,20240208,储能电池ETF易方达,344673.9776,806674.9772,80.66749772,新能源ETF
563020.SH,红利低波ETF易方达,H30269.CSI,中证红利低波动指数,SH,易方达基金,20231214,红利低波ETF易方达,673891.0,806445.3597,80.64453597,红利价值ETF
516160.SH,新能源ETF南方,399808.SZ,中证新能源指数,SH,南方基金,20210204,新能源ETF南方,246164.2,786076.1399,78.60761398999999,新能源ETF
516120.SH,化工ETF富国,000813.CSI,中证细分化工产业主题指数,SH,富国基金,20210309,化工ETF富国,784358.2,764906.1166,76.49061166,其他行业ETF
159545.SZ,恒生红利低波ETF易方达,HSHYLV.HI,恒生港股通高股息低波动指数,SZ,易方达基金,20240415,恒生红利低波ETF易方达,514180.3689,734249.5668,73.42495668000001,红利价值ETF
159796.SZ,电池ETF汇添富,931719.CSI,中证电池主题指数,SZ,汇添富基金,20220314,电池ETF汇添富,687246.755,729100.0824,72.91000824,新能源ETF
159980.SZ,有色ETF大成,IMCI.SHF,上海期货交易所有色金属期货价格指数,SZ,大成基金,20191224,有色ETF大成,320882.4777,678088.8519,67.80888519,其他行业ETF
159157.SZ,有色金属ETF天弘,H11059.CSI,中证工业有色金属主题指数,SZ,天弘基金,20260206,有色金属ETF天弘,720675.876,673183.3358,67.31833358,其他行业ETF
159691.SZ,港股红利ETF工银,930839.CSI,中证港股通高股息精选指数,SZ,工银瑞信基金,20230421,港股红利ETF工银,494630.1386,664288.2761,66.42882761,红利价值ETF
513060.SH,恒生医疗ETF博时,HSHCI.HI,恒生医疗保健指数,SH,博时基金,20210329,恒生医疗ETF博时,1051039.33,649332.0981,64.93320981,医药医疗ETF
159217.SZ,港股通创新药ETF工银,987018.SZ,国证港股通创新药指数,SZ,工银瑞信基金,20250403,港股通创新药ETF工银,452715.7596,629274.9058,62.92749058,港股ETF
159892.SZ,恒生医药ETF华夏,HSBIO.HI,恒生生物科技指数,SZ,华夏基金,20211019,恒生医药ETF华夏,758626.6022,627991.1013,62.799110129999995,医药医疗ETF
511580.SH,国债政金债ETF招商,932200.CSI,中证国债及政策性金融债0-3年指数,SH,招商基金,20221214,国债政金债ETF招商,5363.08,584932.3648,58.49323648,金融ETF
516020.SH,化工ETF华宝,000813.CSI,中证细分化工产业主题指数,SH,华宝基金,20210308,化工ETF华宝,600932.62,573109.4397,57.31094397,其他行业ETF
159399.SZ,现金流ETF国泰,FCFQCD.OTH,富时中国A股自由现金流聚焦指数,SZ,国泰基金,20250227,现金流ETF国泰,498519.4835,560635.0111,56.06350111,货币ETF
512980.SH,传媒ETF广发,399971.SZ,中证传媒指数,SH,广发基金,20180119,传媒ETF广发,540592.44,556323.68,55.63236800000001,其他行业ETF
512680.SH,军工ETF广发,399967.SZ,中证军工指数,SH,广发基金,20161014,军工ETF广发,390813.01,554993.5555,55.499355550000004,其他行业ETF
511270.SH,10年地方债ETF海富通,950109.CSI,上证10年期地方政府债指数,SH,海富通基金,20181122,10年地方债ETF海富通,4558.75,542701.8643,54.27018643,其他债券ETF
515030.SH,新能源车ETF华夏,399976.SZ,中证新能源汽车指数,SH,华夏基金,20200304,新能源车ETF华夏,267038.4,539631.1987,53.96311986999999,新能源ETF
159650.SZ,国开债ETF博时,CBA11901.OTH,中债-0-3年国开行债券指数,SZ,博时基金,20221028,国开债ETF博时,4813.8196,519734.6235,51.97346235,其他债券ETF
159736.SZ,食品饮料ETF天弘,930653.CSI,中证食品饮料指数,SZ,天弘基金,20210927,食品饮料ETF天弘,790239.4457,506069.341,50.606934100000004,消费ETF
515290.SH,银行ETF天弘,399986.SZ,中证银行指数,SH,天弘基金,20201228,银行ETF天弘,334487.29,477881.9912,47.78819912,金融ETF
515170.SH,食品饮料ETF华夏,000815.CSI,中证细分食品饮料产业主题指数,SH,华夏基金,20210113,食品饮料ETF华夏,923575.79,469915.362,46.9915362,消费ETF
159652.SZ,有色ETF汇添富,000811.CSI,中证细分有色金属产业主题指数,SZ,汇添富基金,20230208,有色ETF汇添富,233332.0287,437590.8866,43.75908866,其他行业ETF
561910.SH,电池ETF招商,931719.CSI,中证电池主题指数,SH,招商基金,20210812,电池ETF招商,483307.66,437490.0938,43.74900938,新能源ETF
510230.SH,金融ETF国泰,000018.SH,上证180金融股指数,SH,国泰基金,20110523,金融ETF国泰,326080.8,423905.04,42.390504,金融ETF
159232.SZ,自由现金流ETF南方,932365.CSI,中证全指自由现金流指数,SZ,南方基金,20250430,自由现金流ETF南方,312294.8566,414415.2747,41.441527470000004,货币ETF
511010.SH,国债ETF国泰,000140.CSI,上证5年期国债指数,SH,国泰基金,20130325,国债ETF国泰,2863.63,402984.3318,40.298433179999996,国债ETF
159993.SZ,证券ETF鹏华,399437.SZ,国证证券龙头指数,SZ,鹏华基金,20200207,证券ETF鹏华,340219.7982,394654.9659,39.46549659,金融ETF
159859.SZ,生物医药ETF天弘,399441.SZ,国证生物医药指数,SZ,天弘基金,20210707,生物医药ETF,979244.0054,385430.4405,38.543044050000006,医药医疗ETF
159235.SZ,中证现金流ETF大成,932365.CSI,中证全指自由现金流指数,SZ,大成基金,20250430,中证现金流ETF大成,282272.9545,382338.7169,38.23387169,货币ETF
159981.SZ,能源化工ETF建信,000201.CZCE,易盛郑商所能源化工指数A,SZ,建信基金,20200117,能源化工ETF建信,228553.6957,379513.4117,37.95134117,其他行业ETF
563390.SH,全指现金流ETF华泰柏瑞,932365.CSI,中证全指自由现金流指数,SH,华泰柏瑞基金,20250430,全指现金流ETF华泰柏瑞,274784.4,371206.246,37.1206246,货币ETF
512290.SH,生物医药ETF国泰,930726.CSI,中证生物医药指数,SH,国泰基金,20190520,生物医药ETF国泰,377282.07,368038.6593,36.80386593,医药医疗ETF
515650.SH,消费50ETF富国,931139.CSI,中证消费50指数,SH,富国基金,20191111,消费50ETF富国,322518.4,356415.0838,35.641508380000005,消费ETF
561360.SH,石油ETF国泰,H30198.CSI,中证油气产业指数,SH,国泰基金,20231031,石油ETF国泰,224814.8,347990.8289,34.79908289,原油ETF
560280.SH,工程机械ETF广发,931752.CSI,中证工程机械主题指数,SH,广发基金,20231030,工程机械ETF广发,208375.2,347423.971,34.742397100000005,其他行业ETF
560050.SH,中国A50ETF汇添富,746059.MI,MSCI中国A50互联互通(人民币)指数,SH,汇添富基金,20211108,中国A50ETF汇添富,305993.44,333594.0483,33.35940483,全球ETF
159506.SZ,港股通医疗ETF富国,HSSCHI.HI,恒生港股通创新药及医疗保健指数,SZ,富国基金,20230703,港股通医疗ETF富国,213953.6979,311452.398,31.1452398,医药医疗ETF
159825.SZ,农业ETF富国,000949.CSI,中证农业主题指数,SZ,富国基金,20201229,农业ETF富国,354807.7407,299989.9448,29.99899448,其他行业ETF
159625.SZ,绿色电力ETF嘉实,399438.SZ,国证绿色电力指数,SZ,嘉实基金,20220429,绿色电力ETF嘉实,231811.3777,298781.6847,29.87816847,其他行业ETF
159857.SZ,光伏ETF天弘,931151.CSI,中证光伏产业指数,SZ,天弘基金,20210224,光伏ETF,271551.5725,247247.7068,24.724770680000002,新能源ETF
159697.SZ,石油ETF鹏华,399439.SZ,国证石油天然气指数,SZ,鹏华基金,20230504,石油ETF鹏华,166102.2006,237276.9936,23.72769936,原油ETF
159929.SZ,医药ETF,000933.SH,中证医药卫生指数,SZ,汇添富基金,20130916,医药ETF,179270.4203,236995.4956,23.69954956,医药医疗ETF
513970.SH,恒生消费ETF景顺,HSCGSI.HI,恒生消费指数,SH,景顺长城基金,20230421,恒生消费ETF景顺,261504.1,232477.1449,23.24771449,消费ETF
159828.SZ,医疗ETF国泰,399989.SZ,中证医疗指数,SZ,国泰基金,20210112,医疗ETF国泰,556643.9464,229170.3127,22.917031270000003,医药医疗ETF
563000.SH,中国A50ETF易方达,746059.MI,MSCI中国A50互联互通(人民币)指数,SH,易方达基金,20211108,中国A50ETF易方达,196345.11,218041.2447,21.80412447,全球ETF
159222.SZ,自由现金流ETF易方达,980092.SZ,国证自由现金流指数,SZ,易方达基金,20250417,自由现金流ETF易方达,145137.0402,202916.0959,20.29160959,货币ETF
561160.SH,电池ETF富国,931719.CSI,中证电池主题指数,SH,富国基金,20220708,电池ETF富国,222683.5,202129.813,20.2129813,新能源ETF
513070.SH,港股通消费ETF易方达,931454.CSI,中证港股通消费主题指数,SH,易方达基金,20220324,港股通消费ETF易方达,164076.08,201124.4589,20.11244589,消费ETF
513800.SH,日本东证指数ETF南方,TPX.JT,东证股价指数,SH,南方基金,20190625,日本东证指数ETF南方,107064.44,188133.634,18.8133634,其他海外ETF
515700.SH,新能源车ETF平安,930997.CSI,中证新能源汽车产业指数,SH,平安基金,20200210,新能源车ETF平安,68651.02,185680.4138,18.56804138,新能源ETF
159875.SZ,新能源ETF嘉实,399808.SZ,中证新能源指数,SZ,嘉实基金,20210817,新能源ETF嘉实,244066.2899,183928.3561,18.39283561,新能源ETF
516820.SH,医疗创新ETF平安,931484.CSI,中证医药及医疗器械创新指数,SH,平安基金,20210701,医疗创新ETF平安,501341.52,176823.1541,17.68231541,医药医疗ETF
159259.SZ,成长ETF易方达,980080.SZ,国证成长100指数,SZ,易方达基金,20250828,成长ETF易方达,135369.6403,171797.6105,17.17976105,策略ETF
159840.SZ,锂电池ETF工银,980032.SZ,国证新能源车电池指数,SZ,工银瑞信基金,20210820,锂电池ETF工银,176057.4851,167501.0913,16.75010913,新能源ETF
510150.SH,消费ETF招商,000069.SH,上证消费80指数,SH,招商基金,20110225,消费ETF招商,313717.86,162098.0183,16.20980183,消费ETF
560260.SH,医疗ETF广发,399989.SZ,中证医疗指数,SH,广发基金,20230915,医疗ETF广发,184266.47,153143.8632,15.314386319999999,医药医疗ETF
513200.SH,港股通医药ETF易方达,930965.CSI,中证港股通医药卫生综合指数,SH,易方达基金,20220211,港股通医药ETF易方达,136628.21,152436.0939,15.243609390000001,医药医疗ETF
159847.SZ,医疗ETF易方达,399989.SZ,中证医疗指数,SZ,易方达基金,20210719,医疗ETF易方达,374182.5354,146230.5348,14.62305348,医药医疗ETF
159221.SZ,现金流ETF嘉实,980092.SZ,国证自由现金流指数,SZ,嘉实基金,20250513,现金流ETF嘉实,107501.3233,140181.7256,14.01817256,货币ETF
515710.SH,食品饮料ETF华宝,000815.CSI,中证细分食品饮料产业主题指数,SH,华宝基金,20210107,食品饮料ETF华宝,248809.98,135078.9381,13.50789381,消费ETF
563760.SH,全指现金流ETF中银,932365.CSI,中证全指自由现金流指数,SH,中银基金,20250606,全指现金流ETF中银,93791.32,121966.2325,12.19662325,货币ETF
159588.SZ,石油ETF景顺,399439.SZ,国证石油天然气指数,SZ,景顺长城基金,20240531,石油ETF景顺,84428.4857,113395.8991,11.339589909999999,原油ETF
588020.SH,科创成长ETF易方达,000690.SH,上证科创板成长指数,SH,易方达基金,20230831,科创成长ETF易方达,43979.1,103399.262,10.3399262,策略ETF
510170.SH,大宗商品ETF国联安,000066.SH,上证大宗商品股票指数,SH,国联安基金,20110125,大宗商品ETF国联安,43091.48,62568.829,6.2568829,其他商品ETF
588110.SH,科创成长ETF广发,000690.SH,上证科创板成长指数,SH,广发基金,20230831,科创成长ETF广发,16375.8,37541.5215,3.7541521500000004,策略ETF
159916.SZ,基本面ETF建信,399701.SZ,深证基本面60指数,SZ,建信基金,20111024,基本面ETF建信,4856.6039,25173.7207,2.51737207,策略ETF
159910.SZ,基本面120ETF嘉实,399702.SZ,深证基本面120指数,SZ,嘉实基金,20110927,基本面120ETF嘉实,9890.6143,24250.7972,2.4250797200000003,策略ETF
159612.SZ,标普500ETF国泰,SPX.UN,标普500指数,SZ,国泰基金,20220520,标普500ETF国泰,44489.8651,,,美股ETF
159655.SZ,标普500ETF华夏,SPX.UN,标普500指数,SZ,华夏基金,20221025,标普500ETF华夏,207814.3045,,,美股ETF
513500.SH,标普500ETF博时,SPTR500N.OTH,标普500净总收益指数,SH,博时基金,20140115,标普500ETF博时,989063.86,,,美股ETF
513650.SH,标普500ETF南方,SPX.UN,标普500指数,SH,南方基金,20230404,标普500ETF南方,303273.4,,,美股ETF
159561.SZ,德国ETF嘉实,GDAXI.GY,德国法兰克福DAX指数,SZ,嘉实基金,20240430,德国ETF嘉实,156249.9489,,,其他海外ETF
513030.SH,德国ETF华安,GDAXI.GY,德国法兰克福DAX指数,SH,华安基金,20140905,德国ETF华安,98477.9,,,其他海外ETF
